,username,description,description_lemmatized,hand.label_simplified,acad_prob,gov_prob,media_prob,other_prob,tourbiz_prob
12,gbazov,#Slavyangrad Twitter / @NuestraIraSLG #Slavyangrad Telegram / https://t.co/S78v25WM75 #Slavyangrad Website / https://t.co/qrmJNmuj0g / https://t.co/MWs0akug2Q,"['#', 'slavyangrad', 'twitter', '/', '@', 'nuestrairaslg', '#', 'slavyangrad', 'telegram', '/', 'http', ':', '//t.co/s78v25wm75', '#', 'slavyangrad', 'website', '/', 'http', ':', '//t.co/qrmjnmuj0g', '/', 'http', ':', '//t.co/mws0akug2q']",other,0.0101991604534013,0.0029199262340164,0.310053686029164,0.6757850060862117,0.001042221197206
25,MichaelAldenFL,Marketing & Communications Manager @FollowRTTB | M.A. Journalism @USouthFlorida | Rap ğŸµ Politics ğŸ‡ºğŸ‡¸ Chiefs and Bucs ğŸˆ Runner ğŸƒâ€â™‚ï¸,"['marketing', '&', 'communication', 'manager', '@', 'followrttb', '|', 'm.a', '.', 'journalism', '@', 'usouthflorida', '|', 'rap', 'ğŸµ', 'politics', 'ğŸ‡ºğŸ‡¸', 'chief', 'and', 'bucs', 'ğŸˆ', 'runner', 'ğŸƒ\u200dâ™‚ï¸']",other,0.0013372311375481,0.0093658430613938,0.3299288115078032,0.6591610834217407,0.0002070308715145
28,CASatUSF,"With 23 academic departments & 14 research centers/institutes, the College of Arts & Sciences is the intellectual heart of the University of South Florida.","['with', '', 'academic', 'department', '&', '', 'research', 'centers/institutes', ',', 'the', 'college', 'of', 'art', '&', 'science', 'be', 'the', 'intellectual', 'heart', 'of', 'the', 'university', 'of', 'south', 'florida', '.']",other,0.4287691969159982,0.0111598138319423,0.0062965139126919,0.5505010862330562,0.0032733891063116
41,nashvegas__,â€œThe Most Interesting Fan in the Worldâ€Â©ï¸ Live tweeting sports & politics.,"['â€œ', 'the', 'most', 'interesting', 'fan', 'in', 'the', 'world', 'â€', 'Â©ï¸', 'live', 'tweet', 'sport', '&', 'politics', '.']",other,0.0021739841414857,0.0023040820098201,0.4106357302384991,0.5837070028103689,0.001179200799826
70,UTMSI,"UTMSI is a department of the University of Texas and is dedicated to research, education, and outreach of marine and coastal environments.","['utmsi', 'be', 'a', 'department', 'of', 'the', 'university', 'of', 'texas', 'and', 'be', 'dedicate', 'to', 'research', ',', 'education', ',', 'and', 'outreach', 'of', 'marine', 'and', 'coastal', 'environment', '.']",other,0.4556836634596368,0.0094397737129795,0.0024074126778176,0.5019509293376078,0.0305182208119582
95,sindap,"Wall Street Editor at The Financial Times, erstwhile I-banker, co-author: CAESARS PALACE COUP, Diversion Books, March 2021","['wall', 'street', 'editor', 'at', 'the', 'financial', 'time', ',', 'erstwhile', 'i-banker', ',', 'co-author', ':', 'caesar', 'palace', 'coup', ',', 'diversion', 'book', ',', 'march', '']",other,0.0501261754480491,0.0058798746112577,0.4424829260065792,0.4733349171699084,0.0281761067642054
96,SheillaDingus,President/Editor for nonprofit https://t.co/fUDIgpBUVl News/Advocacy/Resource for active and retired athletes  #sportslaw #advocacy #civilrights,"['president/editor', 'for', 'nonprofit', 'http', ':', '//t.co/fudigpbuvl', 'news/advocacy/resource', 'for', 'active', 'and', 'retired', 'athlete', '#', 'sportslaw', '#', 'advocacy', '#', 'civilrights']",other,0.0054393047034626,0.0897675524724206,0.4203152269090406,0.4839912492720817,0.0004866666429943
108,gregauman,"Now covering the NFC South for @FOXsports â€” Bucs, Falcons, Panthers, Saints. On Bucs since 2013, previously @TheAthleticNFL. email greg.auman@fox.com.","['now', 'cover', 'the', 'nfc', 'south', 'for', '@', 'foxsports', 'â€”', 'bucs', ',', 'falcon', ',', 'panther', ',', 'saint', '.', 'on', 'bucs', 'since', '', ',', 'previously', '@', 'theathleticnfl', '.', 'email', 'greg.auman', '@', 'fox.com', '.']",other,0.002712327230404,0.0074346742280267,0.3721118808897586,0.6172524340636119,0.0004886835881984
121,OzzieRadio,OZZIE THE SPORTS JUNKIE SportsTalk personality /No boring safe Sports Talk /Shred Guitarist 35yrs CHAOTIC/Outrageous Sports talk for 2022/ Sports Junkie Radio,"['ozzie', 'the', 'sport', 'junkie', 'sportstalk', 'personality', '/no', 'boring', 'safe', 'sport', 'talk', '/shred', 'guitarist', '35yrs', 'chaotic/outrageous', 'sport', 'talk', 'for', '', 'sport', 'junkie', 'radio']",other,0.0024181234137215,0.0003379942976148,0.3022879884824223,0.6948559798281241,9.991397811679144e-05
125,Bucs_es,Media y Podcast en castellano dedicado a los Tampa Bay Buccaneers. Fundado en 2010. Por y para fans. #VuelveCyF #Bucs,"['media', 'y', 'podcast', 'en', 'castellano', 'dedicado', 'a', 'los', 'tampa', 'bay', 'buccaneer', '.', 'fundado', 'en', '', 'por', 'y', 'para', 'fan', '.', '#', 'vuelvecyf', '#', 'bucs']",other,0.0118898405651613,0.0007435126169067,0.4579828298042106,0.5287341756494363,0.0006496413642848
139,WomanSBuzz,WS Buzz. HOT News!,"['w', 'buzz', '.', 'hot', 'news', '!']",other,0.0002779385831599,0.0011111095209478,0.4023367251306885,0.5960076691335358,0.0002665576316675
144,FLJCC,The Florida Office of Judges of Compensation Claims,"['the', 'florida', 'office', 'of', 'judge', 'of', 'compensation', 'claim']",other,0.0108036622944276,0.4797007886088318,0.0641762713490957,0.4429074561360451,0.0024118216115999
195,MelissaFinucane,"Snr Social and Behavioral Scientist @RANDCorporation; Snr Fellow @EastWestCenter; Adjunct Assoc Professor @CarnegieMellon. Opinions my own, RTs not endorsements","['snr', 'social', 'and', 'behavioral', 'scientist', '@', 'randcorporation', ';', 'snr', 'fellow', '@', 'eastwestcenter', ';', 'adjunct', 'assoc', 'professor', '@', 'carnegiemellon', '.', 'opinion', 'my', 'own', ',', 'rts', 'not', 'endorsement']",other,0.3581210873169368,0.0012039128199893,0.0040252954591094,0.6360828339746228,0.0005668704293416
290,jaredrunyonco,Residential Real Estate Agent - Family Man,"['residential', 'real', 'estate', 'agent', '-', 'family', 'man']",other,0.0025535057685155,0.0070156660815337,0.0037684525626694,0.4876337161277666,0.4990286594595143
317,ProtectHIsland,"We are concerned Harbour Island residents, 3000 strong!   Liberty Group's hotel proposal will damage the safety and infrastructure of our community.","['we', 'be', 'concerned', 'harbour', 'island', 'resident', ',', '', 'strong', '!', 'liberty', 'group', ""'s"", 'hotel', 'proposal', 'will', 'damage', 'the', 'safety', 'and', 'infrastructure', 'of', 'our', 'community', '.']",other,0.0171584008940828,0.0059993952070151,0.0092426202662812,0.6335243488372363,0.3340752347953851
374,luluonti,"Ecologista y solidaria. #PeaceAndLove   #FreePalestine 
#BlackLivesMatter  #Justice     Educ. y Psic.  Autora de ""Mujeres en RebeldÃ­a"" 
https://t.co/wT21GJdrUC","['ecologista', 'y', 'solidaria', '.', '#', 'peaceandlove', '#', 'freepalestine', '#', 'blacklivesmatter', '#', 'justice', 'educ', '.', 'y', 'psic', '.', 'autora', 'de', '``', 'mujeres', 'en', 'rebeldÃ­a', ""''"", 'http', ':', '//t.co/wt21gjdruc']",other,0.4190628083760382,0.0014002046650661,0.0150112241697757,0.5643628442612376,0.0001629185278819
592,JayLochrie,"Lover of Life, Humanist, Every Day is a Gift, Progressive, Physician, #Atheist, MolecularBiologist, #DogsRock, #BlackLivesMatter, #TheResistance ; No Lists!!!","['lover', 'of', 'life', ',', 'humanist', ',', 'every', 'day', 'be', 'a', 'gift', ',', 'progressive', ',', 'physician', ',', '#', 'atheist', ',', 'molecularbiologist', ',', '#', 'dogsrock', ',', '#', 'blacklivesmatter', ',', '#', 'theresistance', ';', 'no', 'list', '!', '!', '!']",other,0.3789022761273649,0.0001735420258741,0.003929451107841,0.6165877983498227,0.0004069323890972
675,Fishcreek1269,Raw coverage from deep in the heart of a shale gas extraction zone. #Fracking,"['raw', 'coverage', 'from', 'deep', 'in', 'the', 'heart', 'of', 'a', 'shale', 'gas', 'extraction', 'zone', '.', '#', 'fracking']",other,0.0426638103261876,0.0041241578031576,0.3026030799631214,0.6256881994208467,0.0249207524866866
728,Socialism4Jobs,"Member @CNDuk @unitetheunion @RSPCA_official @TheGreenParty @AnimalAid @LeagueACS Volunteer @CatsProtection Cycling
#science ğŸ”¬#Vegan ğŸ¥•#physics is everythingğŸ˜€","['member', '@', 'cnduk', '@', 'unitetheunion', '@', 'rspca_official', '@', 'thegreenparty', '@', 'animalaid', '@', 'leagueacs', 'volunteer', '@', 'catsprotection', 'cycle', '#', 'science', 'ğŸ”¬', '#', 'vegan', 'ğŸ¥•', '#', 'physic', 'be', 'everythingğŸ˜€']",other,0.3872179717634977,0.0044182785166297,0.0295931901295444,0.5768539176008403,0.0019166419894878
775,LivesouthernW,WE ARE EXTREME STORM CHASERS â›ˆFROM THE GULF COAST â˜€ï¸WE INTERCEPT HURRICANES AND OTHER GREAT STORMS Sponsored by Grindstaff Rub & Jack Nolenâ€™s Restaurant,"['we', 'be', 'extreme', 'storm', 'chaser', 'â›ˆfrom', 'the', 'gulf', 'coast', 'â˜€ï¸we', 'intercept', 'hurricane', 'and', 'other', 'great', 'storm', 'sponsor', 'by', 'grindstaff', 'rub', '&', 'jack', 'nolen', 'â€™', 's', 'restaurant']",other,0.000786978096383,0.0017610809125915,0.3892200449243199,0.5406623721857464,0.067569523880959
804,TBro_6and12,"Ret Intâ€™l supply chain exec. Forester, naturalist, folksinger, fmr vol FF/EMT 
SUNY-ESF (Forestry), Duke (MBA), Mich St (Forest Carbon Science) #Forests4Climate","['ret', 'int', 'â€™', 'l', 'supply', 'chain', 'exec', '.', 'forester', ',', 'naturalist', ',', 'folksinger', ',', 'fmr', 'vol', 'ff/emt', 'suny-esf', '(', 'forestry', ')', ',', 'duke', '(', 'mba', ')', ',', 'mich', 'st', '(', 'forest', 'carbon', 'science', ')', '#', 'forests4climate']",other,0.4449063417470412,0.0090914917297466,0.0095054847735597,0.5353841616663876,0.0011125200832646
820,biirdberry,Utility Player ğŸ² Astrologer â™ˆï¸â˜€ï¸â™Šï¸ğŸŒ…â™’ï¸ğŸŒ™ Taxidermist ğŸ¦Œ Wilderness First Responder â›‘ B.S Biology ğŸ§¬ Philoso-fae ğŸ§šâ€â™‚ï¸,"['utility', 'player', 'ğŸ²', 'astrologer', 'â™ˆï¸â˜€ï¸â™Šï¸ğŸŒ…â™’ï¸ğŸŒ™', 'taxidermist', 'ğŸ¦Œ', 'wilderness', 'first', 'responder', 'â›‘', 'b.s', 'biology', 'ğŸ§¬', 'philoso-fae', 'ğŸ§š\u200dâ™‚ï¸']",other,0.4677040862306624,0.0018924684195032,0.0046221108388715,0.5254630376192511,0.0003182968917114
923,scottynola,"award winning author and editor, sexual health educator. A STREETCAR NAMED MURDER dropped 12/6; order now at https://t.co/kq53jXkWnM","['award', 'win', 'author', 'and', 'editor', ',', 'sexual', 'health', 'educator', '.', 'a', 'streetcar', 'name', 'murder', 'drop', '', ';', 'order', 'now', 'at', 'http', ':', '//t.co/kq53jxkwnm']",other,0.011362638744578,0.0011826258275431,0.4306107222237171,0.5552116737609218,0.00163233944324
941,bookofkatherine,"Light for the 99%. | Adventures of The Order: @prophetsjournal | YouTube channel:
https://t.co/lO5xYTQSvRâ€¦","['light', 'for', 'the', '', '%', '.', '|', 'adventure', 'of', 'the', 'order', ':', '@', 'prophetsjournal', '|', 'youtube', 'channel', ':', 'http', ':', '//t.co/lo5xytqsvrâ€¦']",other,0.0040340492436408,0.0011636819907427,0.4313531069471026,0.5620332088839144,0.0014159529345992
979,WeAreProvoco,"Independent publisher, submissions open! Publicity Promotions. Editing, Proofreading and Manuscript Critiques. Blogs and reviews. New website now live!","['independent', 'publisher', ',', 'submission', 'open', '!', 'publicity', 'promotion', '.', 'editing', ',', 'proofread', 'and', 'manuscript', 'critique', '.', 'blog', 'and', 'review', '.', 'new', 'website', 'now', 'live', '!']",other,0.0013109367651129,0.0012283046944552,0.3813450647642287,0.60081670187274,0.015298991903463
1047,SueJOD,Live on an island. Think climate change is real and scary. Retired biologist and engineer.,"['live', 'on', 'an', 'island', '.', 'think', 'climate', 'change', 'be', 'real', 'and', 'scary', '.', 'retired', 'biologist', 'and', 'engineer', '.']",other,0.3162271194226321,0.0017528313143516,0.0063965989093352,0.6745864295544566,0.0010370207992243
1124,empathy1st1,"Educator B.Ed., B.F.A., M.A., CDPPD

#COVIDisAirborne
#Climate
#EndGunViolence
#UniversalHealthcare
#BlackLivesMatter
#IndigenousAlly","['educator', 'b.ed.', ',', 'b.f.a.', ',', 'm.a.', ',', 'cdppd', '#', 'covidisairborne', '#', 'climate', '#', 'endgunviolence', '#', 'universalhealthcare', '#', 'blacklivesmatter', '#', 'indigenousally']",other,0.3859439961055557,0.0013358809269046,0.0086773493053657,0.6037221316663545,0.0003206419958193
1177,kantarjiev,"climber, skier, hacker, seeker
Visit my feed of Twitter news in Morse code, as long as the API stays alive.
I'm also @kantarjiev@tldr.nettime.org","['climber', ',', 'skier', ',', 'hacker', ',', 'seeker', 'visit', 'my', 'feed', 'of', 'twitter', 'news', 'in', 'morse', 'code', ',', 'as', 'long', 'a', 'the', 'api', 'stay', 'alive', '.', 'i', ""'m"", 'also', '@', 'kantarjiev', '@', 'tldr.nettime.org']",other,0.0047047432134676,0.0117944092986531,0.3486930096081956,0.6329817968313501,0.0018260410483337
1190,PaulMick,"Mick Music ~ PhillyEDGE ~ ICON Magazine ~ Rockpile ~ The Record ~ Big Ideas, Images & Distorted Facts ~ Musicians, Artists, Poets & Performers ~ 89.3 WCSD","['mick', 'music', '~', 'phillyedge', '~', 'icon', 'magazine', '~', 'rockpile', '~', 'the', 'record', '~', 'big', 'idea', ',', 'image', '&', 'distorted', 'fact', '~', 'musician', ',', 'artist', ',', 'poet', '&', 'performer', '~', '', 'wcsd']",other,0.002094149018626,0.0007059620611571,0.3186103745693601,0.654274550283658,0.0243149640671987
1239,mannucciao,"independent journalist, newsmaster, self-publisher, professional amateur, male feminist, info-warrior, human being, interstellar force","['independent', 'journalist', ',', 'newsmaster', ',', 'self-publisher', ',', 'professional', 'amateur', ',', 'male', 'feminist', ',', 'info-warrior', ',', 'human', 'be', ',', 'interstellar', 'force']",other,0.0451386887611809,0.0021781976834173,0.3726790043223846,0.5791924749136012,0.0008116343194157
1262,CannabisBizNews,"The web's ONLY, real-time, automatic, breaking Cannabis news feed. Investing, funding, politics, legal, business, recreational, medical & everything else.","['the', 'web', ""'s"", 'only', ',', 'real-time', ',', 'automatic', ',', 'break', 'cannabis', 'news', 'feed', '.', 'investing', ',', 'funding', ',', 'politics', ',', 'legal', ',', 'business', ',', 'recreational', ',', 'medical', '&', 'everything', 'else', '.']",other,0.0045184634769172,0.002456191762695,0.4164336828106655,0.5665836898312214,0.0100079721185004
1279,_varshasingh_,"Ready to move the earth for things that move me.

Editorial Director @mediaindiagroup |

Product Head @indiaoutbound |","['ready', 'to', 'move', 'the', 'earth', 'for', 'thing', 'that', 'move', 'me', '.', 'editorial', 'director', '@', 'mediaindiagroup', '|', 'product', 'head', '@', 'indiaoutbound', '|']",other,0.0128179004709611,0.0062274640633295,0.3816114200830813,0.5970504915349911,0.0022927238476368
1289,LoriAnnBurd,"Environmental Health Director, Center for Biological Diversity. Prolific vegetable eater. Also, a long walk taker, lawyer, gardener, eco-feminist & bug lover.","['environmental', 'health', 'director', ',', 'center', 'for', 'biological', 'diversity', '.', 'prolific', 'vegetable', 'eater', '.', 'also', ',', 'a', 'long', 'walk', 'taker', ',', 'lawyer', ',', 'gardener', ',', 'eco-feminist', '&', 'bug', 'lover', '.']",other,0.3056233749632049,0.0155593637903177,0.0046352418258205,0.6733789999681054,0.0008030194525511
1294,ChaddScott,"Tweeting from the ancestral homelands of the Timucua. Forbes art/travel writer. Art at @seegreatart. Co-host ""Welcome to Florida"" podcast.","['tweet', 'from', 'the', 'ancestral', 'homeland', 'of', 'the', 'timucua', '.', 'forbes', 'art/travel', 'writer', '.', 'art', 'at', '@', 'seegreatart', '.', 'co-host', '``', 'welcome', 'to', 'florida', ""''"", 'podcast', '.']",other,0.0389928954882985,0.0028253521343165,0.3391888656705406,0.6144651211261299,0.0045277655807146
1310,EppleMedia,"Epple Media
Animal Welfare
Environmental Rights
Police News
Photojournalism","['epple', 'media', 'animal', 'welfare', 'environmental', 'right', 'police', 'news', 'photojournalism']",other,0.0014266631075963,0.0043691142455617,0.428480021971305,0.5652351203825219,0.0004890802930151
1359,RobMax4,"Thinker, dreamer, integral ecologist, father, husband, concerned citizen,ex-Chiropractor opal miner and lapidarist who loves travel and good  food.","['thinker', ',', 'dreamer', ',', 'integral', 'ecologist', ',', 'father', ',', 'husband', ',', 'concerned', 'citizen', ',', 'ex-chiropractor', 'opal', 'miner', 'and', 'lapidarist', 'who', 'love', 'travel', 'and', 'good', 'food', '.']",other,0.4285581645048328,0.0021902207327976,0.0011982905722799,0.562433262854169,0.0056200613359209
1382,Lana12856676,"Realtor/Broker - HAPPILY married to RetiredğŸ”¥Captain 30yrs+
 @Resist ğŸŠ
#Magaitis & Qanonitis = BLOCKED ğŸ¤—


*NO DM's*OR 'RELATIONSHIP' SEEKERS*","['realtor/broker', '-', 'happily', 'marry', 'to', 'retiredğŸ”¥captain', '30yrs+', '@', 'resist', 'ğŸŠ', '#', 'magaitis', '&', 'qanonitis', '=', 'block', 'ğŸ¤—', '*', 'no', 'dm', ""'s"", '*', 'or', ""'relationship"", ""'"", 'seeker', '*']",other,0.0150939838971429,0.0043875458123545,0.0168575581971927,0.6076751130399606,0.3559857990533493
1431,charityclough,"Physics & Chemistry Modeler, Mom, Space, Floribraskan #NASASocial alum #modphys #modchem #iTeachPhysics","['physic', '&', 'chemistry', 'modeler', ',', 'mom', ',', 'space', ',', 'floribraskan', '#', 'nasasocial', 'alum', '#', 'modphys', '#', 'modchem', '#', 'iteachphysics']",other,0.416460602086065,0.0054902902820132,0.0776880115345936,0.4984802730840542,0.0018808230132737
1498,Dori_TalkNation,"News Radio Producer, 1990-2012 Love my Husband, Family, Dog, Birds, Earth, Horses. A Democrat and vegetarian tree hugger & planter who is pro human rights.","['news', 'radio', 'producer', ',', '', 'love', 'my', 'husband', ',', 'family', ',', 'dog', ',', 'bird', ',', 'earth', ',', 'horse', '.', 'a', 'democrat', 'and', 'vegetarian', 'tree', 'hugger', '&', 'planter', 'who', 'be', 'pro', 'human', 'right', '.']",other,0.0025809002446043,0.0028898399035722,0.3230005160991825,0.6712811018053874,0.0002476419472537
1541,dramajocks,"The Drama Jocks' podcast: spouting weekly sports opinions all over the Internet, whether you like it or not.","['the', 'drama', 'jock', ""'"", 'podcast', ':', 'spouting', 'weekly', 'sport', 'opinion', 'all', 'over', 'the', 'internet', ',', 'whether', 'you', 'like', 'it', 'or', 'not', '.']",other,0.0088724331282677,0.0017874563050613,0.3615036403036026,0.6274594544015415,0.0003770158615267
1547,MiniTrueArchive,News aggregator. History thru headlines. Tracking propaganda. INFP. Venmo: ministryoftruth / CashApp: $MiniTrueArc,"['news', 'aggregator', '.', 'history', 'thru', 'headline', '.', 'track', 'propaganda', '.', 'infp', '.', 'venmo', ':', 'ministryoftruth', '/', 'cashapp', ':', '$', 'minitruearc']",other,0.0020921846865832,0.0019229666163939,0.3118318051127238,0.6836325710642974,0.0005204725200012
1568,humbertorosero,"Executive Producer, Video Production & Video editor","['executive', 'producer', ',', 'video', 'production', '&', 'video', 'editor']",other,0.0049657568638423,0.0015526975474279,0.3706573760906714,0.621857052947304,0.000967116550754
1682,ithacamcg,"ithacamcg@mstdn.social Historian of #immigration New book, State of Disaster, on #climatemigration. #AndrewCarnegieFellow.","['ithacamcg', '@', 'mstdn.social', 'historian', 'of', '#', 'immigration', 'new', 'book', ',', 'state', 'of', 'disaster', ',', 'on', '#', 'climatemigration', '.', '#', 'andrewcarnegiefellow', '.']",other,0.3313304583585706,0.0161168197083808,0.1588704088926275,0.4920139012184397,0.0016684118219816
1693,JustAnotherFunk,The world wide web allows me to read newspapers from around the world and now I can share my thoughts and views with all you Tweeters too - life is good!,"['the', 'world', 'wide', 'web', 'allow', 'me', 'to', 'read', 'newspaper', 'from', 'around', 'the', 'world', 'and', 'now', 'i', 'can', 'share', 'my', 'thought', 'and', 'view', 'with', 'all', 'you', 'tweeter', 'too', '-', 'life', 'be', 'good', '!']",other,0.0052589640610462,0.0031682818480947,0.335014022797066,0.6549872643728123,0.00157146692098
1694,echevarria_emil,"Global Infrastructure Development,Environmental & Energy Services,Water & Utility Management,Global Large Project Funding, International Governmental Adviser","['global', 'infrastructure', 'development', ',', 'environmental', '&', 'energy', 'service', ',', 'water', '&', 'utility', 'management', ',', 'global', 'large', 'project', 'funding', ',', 'international', 'governmental', 'adviser']",other,0.3532828908110929,0.0991881760902258,0.0028252742624288,0.5427002673245653,0.0020033915116868
1732,tevinricketts,"Weather Lover | Photographer | Architect.

Truth Be Told.","['weather', 'lover', '|', 'photographer', '|', 'architect', '.', 'truth', 'be', 'tell', '.']",other,0.0012904890329454,0.0021855085373442,0.32070989798598,0.6611837965992058,0.0146303078445244
1754,StormMela,"Microbiologist, apolitical until *45, Vote Democratic up and down ballot to save democracy. Support ğŸŒˆğŸ’™ğŸ³ğŸ¦…ğŸ¦‹ğŸˆğŸ•ğŸŒMask up! Save lives.ğŸ’‰ No DMs, please
#FTPA","['microbiologist', ',', 'apolitical', 'until', '*', '', ',', 'vote', 'democratic', 'up', 'and', 'down', 'ballot', 'to', 'save', 'democracy', '.', 'support', 'ğŸŒˆğŸ’™ğŸ³ğŸ¦…ğŸ¦‹ğŸˆğŸ•ğŸŒmask', 'up', '!', 'save', 'lives.ğŸ’‰', 'no', 'dm', ',', 'please', '#', 'ftpa']",other,0.4203643379378624,0.0037937192940205,0.0003189588790147,0.5753772509656017,0.0001457329235009
1797,ExtinctCrisis,We're a volunteer-led group that supports the Center for Biological Diversity dedicated to raising awareness about and STOPPING the extinction crisis.,"['we', ""'re"", 'a', 'volunteer-led', 'group', 'that', 'support', 'the', 'center', 'for', 'biological', 'diversity', 'dedicate', 'to', 'raise', 'awareness', 'about', 'and', 'stop', 'the', 'extinction', 'crisis', '.']",other,0.3684085649383494,0.0038890750982541,0.0135263295756365,0.6125482618555163,0.0016277685322435
1896,_JWiley,Auburn University. Part-Time Troll. True Heir to the Iron Throne | | #WhyNot,"['auburn', 'university', '.', 'part-time', 'troll', '.', 'true', 'heir', 'to', 'the', 'iron', 'throne', '|', '|', '#', 'whynot']",other,0.3822464973814629,0.0062587599623774,0.039699926866027,0.5675763410670541,0.0042184747230789
1898,Sec00000101,"Security architect, anthropologist, ocean lover || 'Where there is water, there is life.' -Science ||  'Where there is a sea, there are pirates.' -Greek proverb","['security', 'architect', ',', 'anthropologist', ',', 'ocean', 'lover', '||', ""'where"", 'there', 'be', 'water', ',', 'there', 'be', 'life', '.', ""'"", '-science', '||', ""'where"", 'there', 'be', 'a', 'sea', ',', 'there', 'be', 'pirate', '.', ""'"", '-greek', 'proverb']",other,0.3134294046843536,0.0009186191355004,0.0150269753782906,0.6489153829823705,0.0217096178194846
1921,janetw5112,"Writer, journalist, teacher, sister, dog parent, day dreamer","['writer', ',', 'journalist', ',', 'teacher', ',', 'sister', ',', 'dog', 'parent', ',', 'day', 'dreamer']",other,0.0319900580644198,0.000445081613574,0.3356659752512,0.6309748944832998,0.0009239905875066
1949,GabeFilippelli,"Author #ClimateChangeandLife Editor-in-Chief, GeoHealth Professor, Exec. Director of IU Envir. Resilience Inst., climate change and health, Father, him/he","['author', '#', 'climatechangeandlife', 'editor-in-chief', ',', 'geohealth', 'professor', ',', 'exec', '.', 'director', 'of', 'iu', 'envir', '.', 'resilience', 'inst.', ',', 'climate', 'change', 'and', 'health', ',', 'father', ',', 'him/he']",other,0.426228099543524,0.0092762667343233,0.1588995944544774,0.401033133212709,0.0045629060549667
2096,Nesting4Awhile,"VIA MI FL TN NJ
#FlyEaglesFly  #AJBrown ğŸˆ","['via', 'mi', 'fl', 'tn', 'nj', '#', 'flyeaglesfly', '#', 'ajbrown', 'ğŸˆ']",other,0.0038799221845477,0.0539428711564363,0.3283818425223794,0.5882323558535522,0.0255630082830844
2125,AlexandroGiraud,"Political observer, Working FOR THE WELFARE OF AMERICA. Edu: Tulane &The George Washington Universities
Observador politico centro,  para educar y proteger.","['political', 'observer', ',', 'work', 'for', 'the', 'welfare', 'of', 'america', '.', 'edu', ':', 'tulane', '&', 'the', 'george', 'washington', 'university', 'observador', 'politico', 'centro', ',', 'para', 'educar', 'y', 'proteger', '.']",other,0.3993584450611516,0.0338788847864074,0.1370725188379161,0.427164630847856,0.0025255204666687
2162,4030lisa,"obviously a secret agent, hemptress, cosmic interpreter, general counterpoint, your average juxtaposition theorist","['obviously', 'a', 'secret', 'agent', ',', 'hemptress', ',', 'cosmic', 'interpreter', ',', 'general', 'counterpoint', ',', 'your', 'average', 'juxtaposition', 'theorist']",other,0.4317849344124885,0.0004428447606705,0.0021580717637259,0.5643139850851054,0.0013001639780096
2193,rgraydon11,"Environmental health researcher: drinking water, #GreatLakes, energy-water-health nexus, climate change, environmental justice & racial equity. he/him","['environmental', 'health', 'researcher', ':', 'drinking', 'water', ',', '#', 'greatlakes', ',', 'energy-water-health', 'nexus', ',', 'climate', 'change', ',', 'environmental', 'justice', '&', 'racial', 'equity', '.', 'he/him']",other,0.4729862469359658,0.0067111144298537,0.0116313382820153,0.5079652374782638,0.0007060628739012
2211,pawley_robert,Zoologist ret.Educator #PHN #resist #metoo #photography evidence Green #atheist #ret #BLM ğŸ‡®ğŸ‡¹ğŸ‡¦ğŸ‡º Birdscaper #Progressive ğŸ‡ºğŸ‡³ğŸ‡ªğŸ‡º humanist@mastodon.au,"['zoologist', 'ret.educator', '#', 'phn', '#', 'resist', '#', 'metoo', '#', 'photography', 'evidence', 'green', '#', 'atheist', '#', 'ret', '#', 'blm', 'ğŸ‡®ğŸ‡¹ğŸ‡¦ğŸ‡º', 'birdscaper', '#', 'progressive', 'ğŸ‡ºğŸ‡³ğŸ‡ªğŸ‡º', 'humanist', '@', 'mastodon.au']",other,0.3369830077099747,0.0004696190437689,0.0034516329240778,0.6585936478815622,0.0005020924406162
2238,Alextheargonaut,Actual real life scientist. I know I canâ€™t believe it myself! He/Him,"['actual', 'real', 'life', 'scientist', '.', 'i', 'know', 'i', 'can', 'â€™', 't', 'believe', 'it', 'myself', '!', 'he/him']",other,0.4221534496798707,0.0014023182744138,0.0124872897540224,0.5634001639770159,0.0005567783146773
2350,ytawasol,"Yemen Tawasol
 to continue in various News, scientific, cognitive and recreational fields.
ÙŠÙ…Ù† ØªÙˆØ§ØµÙ„
 Ù„ØªØªÙˆØ§ØµÙ„ ÙÙŠ Ù…Ø®ØªÙ„Ù Ø§Ù„Ù…Ø¬Ø§Ù„Ø§Øª : Ø¥Ø®Ø¨Ø§Ø±ÙŠØ©ØŒ Ø¹Ù„Ù…ÙŠØ©ØŒ Ù…Ø¹Ø±ÙÙŠØ©ØŒ ØªØ±ÙÙŠØ©.","['yemen', 'tawasol', 'to', 'continue', 'in', 'various', 'news', ',', 'scientific', ',', 'cognitive', 'and', 'recreational', 'field', '.', 'ÙŠÙ…Ù†', 'ØªÙˆØ§ØµÙ„', 'Ù„ØªØªÙˆØ§ØµÙ„', 'ÙÙŠ', 'Ù…Ø®ØªÙ„Ù', 'Ø§Ù„Ù…Ø¬Ø§Ù„Ø§Øª', ':', 'Ø¥Ø®Ø¨Ø§Ø±ÙŠØ©ØŒ', 'Ø¹Ù„Ù…ÙŠØ©ØŒ', 'Ù…Ø¹Ø±ÙÙŠØ©ØŒ', 'ØªØ±ÙÙŠØ©', '.']",other,0.0565123467635976,0.0149295007086409,0.4046505425024266,0.5195881169188067,0.0043194931065279
2361,maxirogalo,"CaleÃ±a,abogada de profesiÃ³n. Creyente, resiliente, visionaria, salsera y con un propÃ³sito claro en mi vida.","['caleÃ±a', ',', 'abogada', 'de', 'profesiÃ³n', '.', 'creyente', ',', 'resiliente', ',', 'visionaria', ',', 'salsera', 'y', 'con', 'un', 'propÃ³sito', 'claro', 'en', 'mi', 'vida', '.']",other,0.3362102183266386,0.0032739887152292,0.0168600961258597,0.6426273690993383,0.0010283277329339
2381,PAULMAR88310557,"Birder and avid bird recorder & done throughout the US when possible:
https://t.co/avtgzxLyux
anti war, gardens","['birder', 'and', 'avid', 'bird', 'recorder', '&', 'do', 'throughout', 'the', 'u', 'when', 'possible', ':', 'http', ':', '//t.co/avtgzxlyux', 'anti', 'war', ',', 'garden']",other,0.0061238108249763,0.0027252299735224,0.4395954589933091,0.5425010555086244,0.0090544446995679
2410,LightDeckDx,We are developing a portfolio of diagnostic tests for settings where lab-quality results are vital in making time-critical decisions.,"['we', 'be', 'develop', 'a', 'portfolio', 'of', 'diagnostic', 'test', 'for', 'setting', 'where', 'lab-quality', 'result', 'be', 'vital', 'in', 'make', 'time-critical', 'decision', '.']",other,0.3624564914346083,0.0020206451026653,0.0588861908301675,0.5753664413336407,0.0012702312989179
2561,_sbhvt,Head of Engineering at https://t.co/JLsXIVJhRd,"['head', 'of', 'engineering', 'at', 'http', ':', '//t.co/jlsxivjhrd']",other,0.3422958084468198,0.0111682032976658,0.0180907072424404,0.6259740535350945,0.0024712274779792
2642,miramarsian,Commissioner of the South Broward Drainage District. Community and education activist. Involved in politics and campaigns.,"['commissioner', 'of', 'the', 'south', 'broward', 'drainage', 'district', '.', 'community', 'and', 'education', 'activist', '.', 'involve', 'in', 'politics', 'and', 'campaign', '.']",other,0.022298122814947,0.3053543437559127,0.0113366444755148,0.6583676289411369,0.0026432600124888
2673,zixian,"@zixian@masthead.social @zixian@universeodon.com Data scientist, patient adherence, digital health researcher, media analyst. Personal views.","['@', 'zixian', '@', 'masthead.social', '@', 'zixian', '@', 'universeodon.com', 'data', 'scientist', ',', 'patient', 'adherence', ',', 'digital', 'health', 'researcher', ',', 'media', 'analyst', '.', 'personal', 'view', '.']",other,0.2972260228322592,0.0020305000629376,0.3174128261041788,0.3825461970194119,0.0007844539812124
2677,Helimo,"Nicaraguan-American, Microbiologist, Left leaning, Cat Lover, Believes in science. Action speaks louder BUT words do matter. #VoteBlue #GetVaccinated #WearAMask","['nicaraguan-american', ',', 'microbiologist', ',', 'leave', 'leaning', ',', 'cat', 'lover', ',', 'believe', 'in', 'science', '.', 'action', 'speak', 'loud', 'but', 'word', 'do', 'matter', '.', '#', 'voteblue', '#', 'getvaccinated', '#', 'wearamask']",other,0.4651081261053061,0.0007513642047439,0.0207424042733655,0.5132580336779566,0.0001400717386279
2687,DavidZaber,"Conservation Biology, Regulatory Ecology, Environmental Toxicology, Sustainable Agriculture. Nature. Coffee.ğŸ¦¦ğŸ¦¥ğŸ•ŠğŸ¦¡ğŸ‹ğŸ‡ºğŸ‡¦ @djzaber on spoutible","['conservation', 'biology', ',', 'regulatory', 'ecology', ',', 'environmental', 'toxicology', ',', 'sustainable', 'agriculture', '.', 'nature', '.', 'coffee.ğŸ¦¦ğŸ¦¥ğŸ•ŠğŸ¦¡ğŸ‹ğŸ‡ºğŸ‡¦', '@', 'djzaber', 'on', 'spoutible']",other,0.4513839261687888,0.0039365464027869,0.0282868181991509,0.5153729017618389,0.0010198074674341
2749,alerojasosorio,Estudiante-Master GeomÃ¡tica y Geoinformacion U. PolitÃ©cnica de Valencia. GeÃ³grafo-Universidad de Chile. ONG EcogeografÃ­a. Amante de los viajes y los animalitos.,"['estudiante-master', 'geomÃ¡tica', 'y', 'geoinformacion', 'u.', 'politÃ©cnica', 'de', 'valencia', '.', 'geÃ³grafo-universidad', 'de', 'chile', '.', 'ong', 'ecogeografÃ­a', '.', 'amante', 'de', 'los', 'viajes', 'y', 'los', 'animalitos', '.']",other,0.3183150516031095,0.0178948880836462,0.1046060414787234,0.521918026418678,0.0372659924158429
2778,EvanPower,Husband to @TheMelissaPower | @floridagop Chairman of Chairs | @leongop Chairman | â€˜16 & â€™20 @GOP Convention Delegate | @floridastate and @McCallieSchool Alum,"['husband', 'to', '@', 'themelissapower', '|', '@', 'floridagop', 'chairman', 'of', 'chair', '|', '@', 'leongop', 'chairman', '|', 'â€˜', '', '&', 'â€™', '', '@', 'gop', 'convention', 'delegate', '|', '@', 'floridastate', 'and', '@', 'mccallieschool', 'alum']",other,0.0204687603403383,0.3946903599993674,0.0064308107489346,0.571501683326654,0.0069083855847054
2786,JamesMclynas,"Pinellas County sheriff candidate fighting to end cannabis enforcement, policing for profit, mass incarceration, corruption, and abuse of power. ~Not A Cop~","['pinellas', 'county', 'sheriff', 'candidate', 'fighting', 'to', 'end', 'cannabis', 'enforcement', ',', 'police', 'for', 'profit', ',', 'mass', 'incarceration', ',', 'corruption', ',', 'and', 'abuse', 'of', 'power', '.', '~not', 'a', 'cop~']",other,0.0012192135313224,0.4115587094992939,0.0064310176391026,0.5805538726491135,0.0002371866811674
2798,MinhahaCkWD,"Official local gov't agency managing water resources draining to Lake Minnetonka, Chain of Lakes, & Minnehaha Creek. Retweets/likes/follows are not endorsements","['official', 'local', ""gov't"", 'agency', 'manage', 'water', 'resource', 'drain', 'to', 'lake', 'minnetonka', ',', 'chain', 'of', 'lake', ',', '&', 'minnehaha', 'creek', '.', 'retweets/likes/follows', 'be', 'not', 'endorsement']",other,0.0085354802202953,0.6133357906792781,0.0096815576119724,0.3633882590909452,0.0050589123975088
2804,AdaMariaSoto,"Mexican-American writer of stuff, abroad. Geek from birth. Rugby fan and knitter. Will tweet about everything and anything.","['mexican-american', 'writer', 'of', 'stuff', ',', 'abroad', '.', 'geek', 'from', 'birth', '.', 'rugby', 'fan', 'and', 'knitter', '.', 'will', 'tweet', 'about', 'everything', 'and', 'anything', '.']",other,0.0188251458648158,0.0003774216697,0.4487243839493911,0.5318795732954045,0.0001934752206889
2817,PlanetU_TV,"SUBSCRIBE TO OUR YOUTUBE PAGE:
https://t.co/5TLUKQJMXe","['subscribe', 'to', 'our', 'youtube', 'page', ':', 'http', ':', '//t.co/5tlukqjmxe']",other,0.007332821613232,0.0026573976625901,0.4328238708986535,0.5497568715531299,0.0074290382723943
2837,IrelaBague,Chief Bay Officer - Miami-Dade County #BiscayneBay Presidential Leadership Scholar #PLScholars Water Princess #HRHh2O #TheEnvironmentisTheEconomy,"['chief', 'bay', 'officer', '-', 'miami-dade', 'county', '#', 'biscaynebay', 'presidential', 'leadership', 'scholar', '#', 'plscholars', 'water', 'princess', '#', 'hrhh2o', '#', 'theenvironmentistheeconomy']",other,0.0037089365073695,0.5119067813485143,0.003614217557872,0.4785193868244004,0.0022506777618439
